daniel.samkit@gmail.com,Daniel,De La Pava,+573000000,1082905328,3.4087556505710808,-76.54444233588283,direccion de la casa,,Cali,760032,Valle del Cauca,CO
ddelapava@deuna.io,Angelica,Obregon Lozada,+573000000,31305911, 3.4087556505710808,-76.54444233588283,direccion de la casa,,Cali,760032,Valle del Cauca,CO
,Angelica,Obregon Lozada,+573000000,31305911,3.4087556505710808,-76.54444233588283,direccion de la casa,,Cali,760032,Valle del Cauca,CO